-- SQLBook: Code
-- MySQL Script generated by MySQL Workbench
-- qui 21 ago 2025 16:47:26
-- Model: New Model    Version: 1.0
-- MySQL Workbench Forward Engineering

SET @OLD_UNIQUE_CHECKS=@@UNIQUE_CHECKS, UNIQUE_CHECKS=0;
SET @OLD_FOREIGN_KEY_CHECKS=@@FOREIGN_KEY_CHECKS, FOREIGN_KEY_CHECKS=0;
SET @OLD_SQL_MODE=@@SQL_MODE, SQL_MODE='ONLY_FULL_GROUP_BY,STRICT_TRANS_TABLES,NO_ZERO_IN_DATE,NO_ZERO_DATE,ERROR_FOR_DIVISION_BY_ZERO,NO_ENGINE_SUBSTITUTION';

-- -----------------------------------------------------
-- Schema friv
-- -----------------------------------------------------

-- -----------------------------------------------------
-- Schema friv
-- -----------------------------------------------------
CREATE SCHEMA IF NOT EXISTS `friv` ;
USE `friv` ;

-- -----------------------------------------------------
-- Table `friv`.`jogo`
-- -----------------------------------------------------
CREATE TABLE IF NOT EXISTS `friv`.`jogo` (
  `idjogo` INT NOT NULL AUTO_INCREMENT,
  `nome` VARCHAR(45) NOT NULL,
  `descricao` TEXT NOT NULL,
  `desenvolvedor` VARCHAR(45) NOT NULL,
  `data_lanca` DATE NULL,
  `img` VARCHAR(45) NULL,
  PRIMARY KEY (`idjogo`),
  UNIQUE INDEX `idjogo_UNIQUE` (`idjogo` ASC) VISIBLE)
ENGINE = InnoDB;


-- -----------------------------------------------------
-- Table `friv`.`usuario`
-- -----------------------------------------------------
CREATE TABLE IF NOT EXISTS `friv`.`usuario` (
  `idusuario` INT NOT NULL AUTO_INCREMENT,
  `nome` VARCHAR(45) NOT NULL,
  `gmail` VARCHAR(100) NOT NULL,
  `senha` VARCHAR(200) NOT NULL,
  `foto` VARCHAR(255) NULL,
  `tipo` CHAR(1) NOT NULL,
  `status` VARCHAR(45) NULL,
  PRIMARY KEY (`idusuario`),
  UNIQUE INDEX `senha_UNIQUE` (`senha` ASC) VISIBLE,
  UNIQUE INDEX `idusuario_UNIQUE` (`idusuario` ASC) VISIBLE)
ENGINE = InnoDB;


-- -----------------------------------------------------
-- Table `friv`.`genero`
-- -----------------------------------------------------
CREATE TABLE IF NOT EXISTS `friv`.`genero` (
  `idgenero` INT NOT NULL AUTO_INCREMENT,
  `nome` VARCHAR(45) NOT NULL,
  PRIMARY KEY (`idgenero`),
  UNIQUE INDEX `idgenero_UNIQUE` (`idgenero` ASC) VISIBLE)
ENGINE = InnoDB;


-- -----------------------------------------------------
-- Table `friv`.`categoria_forun`
-- -----------------------------------------------------
CREATE TABLE IF NOT EXISTS `friv`.`categoria_forun` (
  `idcategoria_forun` INT NOT NULL AUTO_INCREMENT,
  `nome` VARCHAR(50) NOT NULL,
  `descricao` TEXT NOT NULL,
  PRIMARY KEY (`idcategoria_forun`),
  UNIQUE INDEX `idcategoria_forun_UNIQUE` (`idcategoria_forun` ASC) VISIBLE)
ENGINE = InnoDB;


-- -----------------------------------------------------
-- Table `friv`.`topico_forun`
-- -----------------------------------------------------
CREATE TABLE IF NOT EXISTS `friv`.`topico_forun` (
  `idtopico_forun` INT NOT NULL AUTO_INCREMENT,
  `nome` VARCHAR(50) NOT NULL,
  `conteudo` TEXT NOT NULL,
  `categoria_forun_idcategoria_forun1` INT NOT NULL,
  `jogo_idjogo1` INT NOT NULL,
  PRIMARY KEY (`idtopico_forun`),
  INDEX `fk_topico_forun_categoria_forun1_idx` (`categoria_forun_idcategoria_forun1` ASC) VISIBLE,
  INDEX `fk_topico_forun_jogo1_idx` (`jogo_idjogo1` ASC) VISIBLE,
  UNIQUE INDEX `idtopico_forun_UNIQUE` (`idtopico_forun` ASC) VISIBLE,
  CONSTRAINT `fk_topico_forun_categoria_forun1`
    FOREIGN KEY (`categoria_forun_idcategoria_forun1`)
    REFERENCES `friv`.`categoria_forun` (`idcategoria_forun`)
    ON DELETE NO ACTION
    ON UPDATE NO ACTION,
  CONSTRAINT `fk_topico_forun_jogo1`
    FOREIGN KEY (`jogo_idjogo1`)
    REFERENCES `friv`.`jogo` (`idjogo`)
    ON DELETE NO ACTION
    ON UPDATE NO ACTION)
ENGINE = InnoDB;


-- -----------------------------------------------------
-- Table `friv`.`post_forun`
-- -----------------------------------------------------
CREATE TABLE IF NOT EXISTS `friv`.`post_forun` (
  `idpost_forun` INT NOT NULL AUTO_INCREMENT,
  `conteudo` VARCHAR(255) NULL,
  `usuario_idusuario` INT NOT NULL,
  `topico_forun_idtopico_forun` INT NOT NULL,
  PRIMARY KEY (`idpost_forun`, `usuario_idusuario`, `topico_forun_idtopico_forun`),
  INDEX `fk_post_forun_usuario1_idx` (`usuario_idusuario` ASC) VISIBLE,
  INDEX `fk_post_forun_topico_forun1_idx` (`topico_forun_idtopico_forun` ASC) VISIBLE,
  UNIQUE INDEX `idpost_forun_UNIQUE` (`idpost_forun` ASC) VISIBLE,
  CONSTRAINT `fk_post_forun_usuario1`
    FOREIGN KEY (`usuario_idusuario`)
    REFERENCES `friv`.`usuario` (`idusuario`)
    ON DELETE NO ACTION
    ON UPDATE NO ACTION,
  CONSTRAINT `fk_post_forun_topico_forun1`
    FOREIGN KEY (`topico_forun_idtopico_forun`)
    REFERENCES `friv`.`topico_forun` (`idtopico_forun`)
    ON DELETE NO ACTION
    ON UPDATE NO ACTION)
ENGINE = InnoDB;


-- -----------------------------------------------------
-- Table `friv`.`avaliacao_jogo`
-- -----------------------------------------------------
CREATE TABLE IF NOT EXISTS `friv`.`avaliacao_jogo` (
  `idavaliacao_jogo` INT NOT NULL AUTO_INCREMENT,
  `classificacao` TINYINT NOT NULL,
  `usuario_idusuario` INT NOT NULL,
  `jogo_idjogo` INT NOT NULL,
  PRIMARY KEY (`idavaliacao_jogo`),
  INDEX `fk_avaliacao_jogo_usuario1_idx` (`usuario_idusuario` ASC) VISIBLE,
  INDEX `fk_avaliacao_jogo_jogo1_idx` (`jogo_idjogo` ASC) VISIBLE,
  UNIQUE INDEX `idavaliacao_jogo_UNIQUE` (`idavaliacao_jogo` ASC) VISIBLE,
  CONSTRAINT `fk_avaliacao_jogo_usuario1`
    FOREIGN KEY (`usuario_idusuario`)
    REFERENCES `friv`.`usuario` (`idusuario`)
    ON DELETE NO ACTION
    ON UPDATE NO ACTION,
  CONSTRAINT `fk_avaliacao_jogo_jogo1`
    FOREIGN KEY (`jogo_idjogo`)
    REFERENCES `friv`.`jogo` (`idjogo`)
    ON DELETE NO ACTION
    ON UPDATE NO ACTION)
ENGINE = InnoDB;


-- -----------------------------------------------------
-- Table `friv`.`histo_jogo`
-- -----------------------------------------------------
CREATE TABLE IF NOT EXISTS `friv`.`histo_jogo` (
  `idhisto_jogo` INT NOT NULL AUTO_INCREMENT,
  `tempo_ini` DATETIME NOT NULL,
  `tempo_fim` DATETIME NULL,
  `usuario_idusuario` INT NOT NULL,
  PRIMARY KEY (`idhisto_jogo`),
  INDEX `fk_histo_jogo_usuario1_idx` (`usuario_idusuario` ASC) VISIBLE,
  UNIQUE INDEX `idhisto_jogo_UNIQUE` (`idhisto_jogo` ASC) VISIBLE,
  CONSTRAINT `fk_histo_jogo_usuario1`
    FOREIGN KEY (`usuario_idusuario`)
    REFERENCES `friv`.`usuario` (`idusuario`)
    ON DELETE NO ACTION
    ON UPDATE NO ACTION)
ENGINE = InnoDB;


-- -----------------------------------------------------
-- Table `friv`.`conquista`
-- -----------------------------------------------------
CREATE TABLE IF NOT EXISTS `friv`.`conquista` (
  `idconquista` INT NOT NULL AUTO_INCREMENT,
  `nome` VARCHAR(66) NOT NULL,
  `descricao` TEXT NULL,
  PRIMARY KEY (`idconquista`),
  UNIQUE INDEX `idconquista_UNIQUE` (`idconquista` ASC) VISIBLE)
ENGINE = InnoDB;


-- -----------------------------------------------------
-- Table `friv`.`favorito`
-- -----------------------------------------------------
CREATE TABLE IF NOT EXISTS `friv`.`favorito` (
  `idfavorito` INT NOT NULL AUTO_INCREMENT,
  `usuario_idusuario` INT NOT NULL,
  `jogo_idjogo` INT NOT NULL,
  PRIMARY KEY (`idfavorito`, `usuario_idusuario`, `jogo_idjogo`),
  INDEX `fk_favorito_usuario1_idx` (`usuario_idusuario` ASC) VISIBLE,
  INDEX `fk_favorito_jogo1_idx` (`jogo_idjogo` ASC) VISIBLE,
  UNIQUE INDEX `idfavorito_UNIQUE` (`idfavorito` ASC) VISIBLE,
  CONSTRAINT `fk_favorito_usuario1`
    FOREIGN KEY (`usuario_idusuario`)
    REFERENCES `friv`.`usuario` (`idusuario`)
    ON DELETE NO ACTION
    ON UPDATE NO ACTION,
  CONSTRAINT `fk_favorito_jogo1`
    FOREIGN KEY (`jogo_idjogo`)
    REFERENCES `friv`.`jogo` (`idjogo`)
    ON DELETE NO ACTION
    ON UPDATE NO ACTION)
ENGINE = InnoDB;


-- -----------------------------------------------------
-- Table `friv`.`lista`
-- -----------------------------------------------------
CREATE TABLE IF NOT EXISTS `friv`.`lista` (
  `idlista` INT NOT NULL AUTO_INCREMENT,
  `nome` VARCHAR(45) NOT NULL,
  `descricao` TEXT NULL,
  `situacao` INT NOT NULL,
  `usuario_idusuario1` INT NOT NULL,
  PRIMARY KEY (`idlista`),
  INDEX `fk_lista_usuario1_idx` (`usuario_idusuario1` ASC) VISIBLE,
  UNIQUE INDEX `idlista_UNIQUE` (`idlista` ASC) VISIBLE,
  CONSTRAINT `fk_lista_usuario1`
    FOREIGN KEY (`usuario_idusuario1`)
    REFERENCES `friv`.`usuario` (`idusuario`)
    ON DELETE NO ACTION
    ON UPDATE NO ACTION)
ENGINE = InnoDB;


-- -----------------------------------------------------
-- Table `friv`.`genero_jogo`
-- -----------------------------------------------------
CREATE TABLE IF NOT EXISTS `friv`.`genero_jogo` (
  `genero_idgenero` INT NOT NULL,
  `jogo_idjogo` INT NOT NULL,
  PRIMARY KEY (`genero_idgenero`, `jogo_idjogo`),
  INDEX `fk_genero_has_jogo_jogo1_idx` (`jogo_idjogo` ASC) VISIBLE,
  INDEX `fk_genero_has_jogo_genero_idx` (`genero_idgenero` ASC) VISIBLE,
  CONSTRAINT `fk_genero_has_jogo_genero`
    FOREIGN KEY (`genero_idgenero`)
    REFERENCES `friv`.`genero` (`idgenero`)
    ON DELETE NO ACTION
    ON UPDATE NO ACTION,
  CONSTRAINT `fk_genero_has_jogo_jogo1`
    FOREIGN KEY (`jogo_idjogo`)
    REFERENCES `friv`.`jogo` (`idjogo`)
    ON DELETE NO ACTION
    ON UPDATE NO ACTION)
ENGINE = InnoDB;


-- -----------------------------------------------------
-- Table `friv`.`topico_usu`
-- -----------------------------------------------------
CREATE TABLE IF NOT EXISTS `friv`.`topico_usu` (
  `topico_forun_idtopico_forun` INT NOT NULL,
  `topico_forun_jogo_idjogo` INT NOT NULL,
  `usuario_idusuario` INT NOT NULL,
  PRIMARY KEY (`topico_forun_idtopico_forun`, `topico_forun_jogo_idjogo`, `usuario_idusuario`),
  INDEX `fk_topico_forun_has_usuario_usuario1_idx` (`usuario_idusuario` ASC) VISIBLE,
  INDEX `fk_topico_forun_has_usuario_topico_forun1_idx` (`topico_forun_idtopico_forun` ASC, `topico_forun_jogo_idjogo` ASC) VISIBLE,
  CONSTRAINT `fk_topico_forun_has_usuario_topico_forun1`
    FOREIGN KEY (`topico_forun_idtopico_forun`)
    REFERENCES `friv`.`topico_forun` (`idtopico_forun`)
    ON DELETE NO ACTION
    ON UPDATE NO ACTION,
  CONSTRAINT `fk_topico_forun_has_usuario_usuario1`
    FOREIGN KEY (`usuario_idusuario`)
    REFERENCES `friv`.`usuario` (`idusuario`)
    ON DELETE NO ACTION
    ON UPDATE NO ACTION)
ENGINE = InnoDB;


-- -----------------------------------------------------
-- Table `friv`.`relhisto_jogo`
-- -----------------------------------------------------
CREATE TABLE IF NOT EXISTS `friv`.`relhisto_jogo` (
  `histo_jogo_idhisto_jogo` INT NOT NULL,
  `jogo_idjogo` INT NOT NULL,
  PRIMARY KEY (`histo_jogo_idhisto_jogo`, `jogo_idjogo`),
  INDEX `fk_histo_jogo_has_jogo_jogo1_idx` (`jogo_idjogo` ASC) VISIBLE,
  INDEX `fk_histo_jogo_has_jogo_histo_jogo1_idx` (`histo_jogo_idhisto_jogo` ASC) VISIBLE,
  CONSTRAINT `fk_histo_jogo_has_jogo_histo_jogo1`
    FOREIGN KEY (`histo_jogo_idhisto_jogo`)
    REFERENCES `friv`.`histo_jogo` (`idhisto_jogo`)
    ON DELETE NO ACTION
    ON UPDATE NO ACTION,
  CONSTRAINT `fk_histo_jogo_has_jogo_jogo1`
    FOREIGN KEY (`jogo_idjogo`)
    REFERENCES `friv`.`jogo` (`idjogo`)
    ON DELETE NO ACTION
    ON UPDATE NO ACTION)
ENGINE = InnoDB;


-- -----------------------------------------------------
-- Table `friv`.`conquista_usu`
-- -----------------------------------------------------
CREATE TABLE IF NOT EXISTS `friv`.`conquista_usu` (
  `conquista_idconquista` INT NOT NULL,
  `usuario_idusuario` INT NOT NULL,
  PRIMARY KEY (`conquista_idconquista`, `usuario_idusuario`),
  INDEX `fk_conquista_has_usuario_usuario1_idx` (`usuario_idusuario` ASC) VISIBLE,
  INDEX `fk_conquista_has_usuario_conquista1_idx` (`conquista_idconquista` ASC) VISIBLE,
  CONSTRAINT `fk_conquista_has_usuario_conquista1`
    FOREIGN KEY (`conquista_idconquista`)
    REFERENCES `friv`.`conquista` (`idconquista`)
    ON DELETE NO ACTION
    ON UPDATE NO ACTION,
  CONSTRAINT `fk_conquista_has_usuario_usuario1`
    FOREIGN KEY (`usuario_idusuario`)
    REFERENCES `friv`.`usuario` (`idusuario`)
    ON DELETE NO ACTION
    ON UPDATE NO ACTION)
ENGINE = InnoDB;


-- -----------------------------------------------------
-- Table `friv`.`lista_jogo`
-- -----------------------------------------------------
CREATE TABLE IF NOT EXISTS `friv`.`lista_jogo` (
  `lista_idlista` INT NOT NULL,
  `lista_usuario_idusuario` INT NOT NULL,
  `jogo_idjogo` INT NOT NULL,
  PRIMARY KEY (`lista_idlista`, `lista_usuario_idusuario`, `jogo_idjogo`),
  INDEX `fk_lista_has_jogo_jogo1_idx` (`jogo_idjogo` ASC) VISIBLE,
  INDEX `fk_lista_has_jogo_lista1_idx` (`lista_idlista` ASC, `lista_usuario_idusuario` ASC) VISIBLE,
  CONSTRAINT `fk_lista_has_jogo_lista1`
    FOREIGN KEY (`lista_idlista`)
    REFERENCES `friv`.`lista` (`idlista`)
    ON DELETE NO ACTION
    ON UPDATE NO ACTION,
  CONSTRAINT `fk_lista_has_jogo_jogo1`
    FOREIGN KEY (`jogo_idjogo`)
    REFERENCES `friv`.`jogo` (`idjogo`)
    ON DELETE NO ACTION
    ON UPDATE NO ACTION)
ENGINE = InnoDB;


-- -----------------------------------------------------
-- Table `friv`.`preferencia`
-- -----------------------------------------------------
CREATE TABLE IF NOT EXISTS `friv`.`preferencia` (
  `usuario_idusuario` INT NOT NULL,
  `genero_idgenero` INT NOT NULL,
  PRIMARY KEY (`usuario_idusuario`, `genero_idgenero`),
  INDEX `fk_usuario_has_genero_genero1_idx` (`genero_idgenero` ASC) VISIBLE,
  INDEX `fk_usuario_has_genero_usuario1_idx` (`usuario_idusuario` ASC) VISIBLE,
  CONSTRAINT `fk_usuario_has_genero_usuario1`
    FOREIGN KEY (`usuario_idusuario`)
    REFERENCES `friv`.`usuario` (`idusuario`)
    ON DELETE NO ACTION
    ON UPDATE NO ACTION,
  CONSTRAINT `fk_usuario_has_genero_genero1`
    FOREIGN KEY (`genero_idgenero`)
    REFERENCES `friv`.`genero` (`idgenero`)
    ON DELETE NO ACTION
    ON UPDATE NO ACTION)
ENGINE = InnoDB;


-- -----------------------------------------------------
-- Table `friv`.`comentario`
-- -----------------------------------------------------
CREATE TABLE IF NOT EXISTS `friv`.`comentario` (
  `idcomentario` INT NOT NULL AUTO_INCREMENT,
  `comentario` VARCHAR(255) NOT NULL,
  `criado` DATE NOT NULL,
  `post_forun_idpost_forun` INT NOT NULL,
  `post_forun_usuario_idusuario` INT NOT NULL,
  `post_forun_topico_forun_idtopico_forun` INT NOT NULL,
  PRIMARY KEY (`idcomentario`, `post_forun_idpost_forun`, `post_forun_usuario_idusuario`, `post_forun_topico_forun_idtopico_forun`),
  INDEX `fk_comentario_post_forun1_idx` (`post_forun_idpost_forun` ASC, `post_forun_usuario_idusuario` ASC, `post_forun_topico_forun_idtopico_forun` ASC) VISIBLE,
  UNIQUE INDEX `idcomentario_UNIQUE` (`idcomentario` ASC) VISIBLE,
  CONSTRAINT `fk_comentario_post_forun1`
    FOREIGN KEY (`post_forun_idpost_forun` , `post_forun_usuario_idusuario` , `post_forun_topico_forun_idtopico_forun`)
    REFERENCES `friv`.`post_forun` (`idpost_forun` , `usuario_idusuario` , `topico_forun_idtopico_forun`)
    ON DELETE NO ACTION
    ON UPDATE NO ACTION)
ENGINE = InnoDB;


-- -----------------------------------------------------
-- Table `friv`.`relacionamento`
-- -----------------------------------------------------
CREATE TABLE IF NOT EXISTS `friv`.`relacionamento` (
  `idrelacionamento` INT NOT NULL AUTO_INCREMENT,
  `seguindo` INT NOT NULL,
  `seguidor` INT NOT NULL,
  PRIMARY KEY (`idrelacionamento`),
  INDEX `fk_seguidor_usuario1_idx` (`seguindo` ASC) VISIBLE,
  INDEX `fk_seguidor_usuario2_idx` (`seguidor` ASC) VISIBLE,
  UNIQUE INDEX `idrelacionamento_UNIQUE` (`idrelacionamento` ASC) VISIBLE,
  CONSTRAINT `fk_seguidor_usuario1`
    FOREIGN KEY (`seguindo`)
    REFERENCES `friv`.`usuario` (`idusuario`)
    ON DELETE NO ACTION
    ON UPDATE NO ACTION,
  CONSTRAINT `fk_seguidor_usuario2`
    FOREIGN KEY (`seguidor`)
    REFERENCES `friv`.`usuario` (`idusuario`)
    ON DELETE NO ACTION
    ON UPDATE NO ACTION)
ENGINE = InnoDB;


SET SQL_MODE=@OLD_SQL_MODE;
SET FOREIGN_KEY_CHECKS=@OLD_FOREIGN_KEY_CHECKS;
SET UNIQUE_CHECKS=@OLD_UNIQUE_CHECKS;



-- Inserindo dados na tabela jogo
INSERT INTO friv.jogo (nome, descricao, desenvolvedor, data_lanca, img) VALUES
('Candy Crush Saga', 'Jogo de puzzle com doces', 'King', '2012-04-12', 'candy_crush.jpg'),
('Among Us', 'Jogo de investigação multijogador', 'InnerSloth', '2018-06-15', 'among_us.jpg'),
('Subway Surfers', 'Jogo de corrida infinita', 'Kiloo', '2012-05-24', 'subway_surfers.jpg'),
('Clash of Clans', 'Jogo de estratégia em tempo real', 'Supercell', '2012-08-02', 'coc.jpg'),
('Pokémon GO', 'Jogo de realidade aumentada', 'Niantic', '2016-07-06', 'pogo.jpg');

-- Inserindo dados na tabela usuario
INSERT INTO friv.usuario (nome, gmail, senha, foto, tipo, status) VALUES
('João Silva', 'joao.silva@gmail.com', SHA2('senha123', 256), 'joao.jpg', 'U', 'Ativo'),
('Maria Santos', 'maria.santos@gmail.com', SHA2('abc456', 256), 'maria.jpg', 'U', 'Ativo'),
('Pedro Costa', 'pedro.costa@gmail.com', SHA2('pedro789', 256), 'pedro.jpg', 'A', 'Ativo'),
('Ana Oliveira', 'ana.oliveira@gmail.com', SHA2('ana1011', 256), 'ana.jpg', 'U', 'Inativo'),
('Carlos Pereira', 'carlos.pereira@gmail.com', SHA2('carlos1213', 256), 'carlos.jpg', 'U', 'Ativo');

-- Inserindo dados na tabela genero
INSERT INTO friv.genero (nome) VALUES
('Puzzle'),
('Ação'),
('Estratégia'),
('Aventura'),
('Esporte');

-- Inserindo dados na tabela categoria_forun
INSERT INTO friv.categoria_forun (nome, descricao) VALUES
('Dúvidas', 'Tire suas dúvidas sobre os jogos'),
('Dicas', 'Compartilhe dicas e truques'),
('Bugs', 'Reporte problemas técnicos'),
('Sugestões', 'Deixe suas sugestões para melhorias'),
('Off-topic', 'Conversas não relacionadas a jogos');

-- Inserindo dados na tabela topico_forun (depende de jogo e categoria_forun)
INSERT INTO friv.topico_forun (nome, conteudo, categoria_forun_idcategoria_forun1, jogo_idjogo1) VALUES
('Como passar da fase 50?', 'Estou travado na fase 50 do Candy Crush', 2, 1),
('Melhores estratégias', 'Quais as melhores estratégias para vencer?', 2, 4),
('Problema de conexão', 'Não consigo me conectar ao jogo', 3, 2),
('Novos personagens', 'Sugestão para novos personagens', 4, 3),
('Eventos especiais', 'Discussão sobre eventos futuros', 5, 5);

-- Inserindo dados na tabela post_forun (depende de usuario e topico_forun)
INSERT INTO friv.post_forun (conteudo, usuario_idusuario, topico_forun_idtopico_forun) VALUES
('Também estou com dificuldade nessa fase', 2, 1),
('Use boosters no início da fase', 3, 1),
('Upgrade suas defesas primeiro', 1, 2),
('Reinicie o aplicativo', 4, 3),
('Concordo com a sugestão', 5, 4);

-- Inserindo dados na tabela avaliacao_jogo (depende de usuario e jogo)
INSERT INTO friv.avaliacao_jogo (classificacao, usuario_idusuario, jogo_idjogo) VALUES
(5, 1, 1),
(4, 2, 2),
(3, 3, 3),
(5, 4, 4),
(4, 5, 5);

-- Inserindo dados na tabela histo_jogo (depende de usuario)
INSERT INTO friv.histo_jogo (tempo_ini, tempo_fim, usuario_idusuario) VALUES
('2024-01-15 10:00:00', '2024-01-15 11:30:00', 1),
('2024-01-16 14:00:00', '2024-01-16 15:45:00', 2),
('2024-01-17 09:00:00', '2024-01-17 10:15:00', 3),
('2024-01-18 16:00:00', '2024-01-18 17:20:00', 4),
('2024-01-19 13:00:00', '2024-01-19 14:30:00', 5);

-- Inserindo dados na tabela conquista
INSERT INTO friv.conquista (nome, descricao) VALUES
('Primeiros Passos', 'Complete o tutorial'),
('Veterano', 'Jogue por 100 horas'),
('Colecionador', 'Desbloqueie todos os itens'),
('Mestre', 'Complete todas as fases'),
('Social', 'Adicione 10 amigos');

-- Inserindo dados na tabela favorito (depende de usuario e jogo)
INSERT INTO friv.favorito (usuario_idusuario, jogo_idjogo) VALUES
(1, 2),
(2, 3),
(3, 4),
(4, 5),
(5, 1);

-- Inserindo dados na tabela lista (depende de usuario)
INSERT INTO friv.lista (nome, descricao, situacao, usuario_idusuario1) VALUES
('Para jogar', 'Jogos que quero experimentar', 1, 1),
('Favoritos', 'Meus jogos preferidos', 1, 2),
('Completos', 'Jogos que finalizei', 0, 3),
('Multiplayer', 'Jogos para jogar com amigos', 1, 4),
('Casual', 'Jogos para momentos rápidos', 1, 5);

-- Inserindo dados na tabela genero_jogo (depende de genero e jogo)
INSERT INTO friv.genero_jogo (genero_idgenero, jogo_idjogo) VALUES
(1, 1),
(2, 2),
(3, 3),
(3, 4),
(4, 5);

-- Inserindo dados na tabela topico_usu (depende de topico_forun e usuario)
INSERT INTO friv.topico_usu (topico_forun_idtopico_forun, topico_forun_jogo_idjogo, usuario_idusuario) VALUES
(1, 1, 1),
(2, 4, 2),
(3, 2, 3),
(4, 3, 4),
(5, 5, 5);

-- Inserindo dados na tabela relhisto_jogo (depende de histo_jogo e jogo)
INSERT INTO friv.relhisto_jogo (histo_jogo_idhisto_jogo, jogo_idjogo) VALUES
(1, 1),
(2, 2),
(3, 3),
(4, 4),
(5, 5);

-- Inserindo dados na tabela conquista_usu (depende de conquista e usuario)
INSERT INTO friv.conquista_usu (conquista_idconquista, usuario_idusuario) VALUES
(1, 1),
(2, 2),
(3, 3),
(4, 4),
(5, 5);

-- Inserindo dados na tabela lista_jogo (depende de lista e jogo)
INSERT INTO friv.lista_jogo (lista_idlista, lista_usuario_idusuario, jogo_idjogo) VALUES
(1, 1, 3),
(2, 2, 4),
(3, 3, 5),
(4, 4, 1),
(5, 5, 2);

-- Inserindo dados na tabela preferencia (depende de usuario e genero)
INSERT INTO friv.preferencia (usuario_idusuario, genero_idgenero) VALUES
(1, 1),
(2, 2),
(3, 3),
(4, 4),
(5, 5);

-- Inserindo dados na tabela comentario (depende de post_forun)
INSERT INTO friv.comentario (comentario, criado, post_forun_idpost_forun, post_forun_usuario_idusuario, post_forun_topico_forun_idtopico_forun) VALUES
( 'Boa dica!', '2024-01-15', 2, 3, 1),
( 'Funcionou aqui também', '2024-01-16', 4, 4, 3),
( 'Vou tentar isso', '2024-01-17', 1, 2, 1),
( 'Ótima sugestão', '2024-01-18', 5, 5, 4),
( 'Concordo plenamente', '2024-01-19', 3, 1, 2);

-- Inserindo dados na tabela relacionamento (depende de usuario para seguidor e seguindo)
INSERT INTO friv.relacionamento ( seguindo, seguidor) VALUES
(1, 2),
(2, 3),
(3, 4),
(4, 5),
(5, 1);